{
    "metrics": {
        "checks": {
            "passes": 80,
            "fails": 0,
            "value": 1
        },
        "http_req_duration": {
            "p(99)": 266.88170399999996,
            "avg": 254.23266625000002,
            "min": 246.4011,
            "med": 254.36610000000002,
            "max": 270.0041,
            "p(90)": 259.07089,
            "p(95)": 260.51705499999997
        },
        "iterations": {
            "count": 80,
            "rate": 7.531179837645837
        },
        "vus_max": {
            "min": 10,
            "max": 10,
            "value": 10
        },
        "data_sent": {
            "count": 11540,
            "rate": 1086.372691580412
        },
        "http_req_failed": {
            "fails": 80,
            "passes": 0,
            "value": 0
        },
        "http_reqs": {
            "count": 80,
            "rate": 7.531179837645837
        },
        "http_req_blocked": {
            "avg": 67.72579875,
            "min": 0,
            "med": 0,
            "max": 547.6996,
            "p(90)": 537.0512500000001,
            "p(95)": 544.075615,
            "p(99)": 546.8242799999999
        },
        "http_req_connecting": {
            "p(99)": 255.5558,
            "avg": 31.355525,
            "min": 0,
            "med": 0,
            "max": 255.5558,
            "p(90)": 246.14640000000003,
            "p(95)": 251.974
        },
        "http_req_receiving": {
            "avg": 0.297155,
            "min": 0,
            "med": 0,
            "max": 3.0108,
            "p(90)": 0.5453900000000036,
            "p(95)": 1.851565,
            "p(99)": 2.488214999999996
        },
        "vus": {
            "value": 10,
            "min": 10,
            "max": 10
        },
        "http_req_tls_handshaking": {
            "avg": 31.90265625,
            "min": 0,
            "med": 0,
            "max": 258.9944,
            "p(90)": 252.58938,
            "p(95)": 256.40829499999995,
            "p(99)": 257.81240199999996
        },
        "http_req_waiting": {
            "p(95)": 260.043575,
            "p(99)": 266.88170399999996,
            "avg": 253.92923249999998,
            "min": 245.9016,
            "med": 254.01389999999998,
            "max": 270.0041,
            "p(90)": 259.07089
        },
        "iteration_duration": {
            "p(99)": 1810.551256,
            "avg": 1322.4981000000002,
            "min": 1246.9014,
            "med": 1255.0026,
            "max": 1814.5041,
            "p(90)": 1790.30073,
            "p(95)": 1803.10518
        },
        "data_received": {
            "count": 958406,
            "rate": 90224.09929348495
        },
        "http_req_duration{expected_response:true}": {
            "avg": 254.23266625000002,
            "min": 246.4011,
            "med": 254.36610000000002,
            "max": 270.0041,
            "p(90)": 259.07089,
            "p(95)": 260.51705499999997,
            "p(99)": 266.88170399999996
        },
        "http_req_sending": {
            "p(99)": 0.10548299999999686,
            "avg": 0.00627875,
            "min": 0,
            "med": 0,
            "max": 0.5023,
            "p(90)": 0,
            "p(95)": 0
        }
    },
    "root_group": {
        "name": "",
        "path": "",
        "id": "d41d8cd98f00b204e9800998ecf8427e",
        "groups": {},
        "checks": {
                "status is 200": {
                    "name": "status is 200",
                    "path": "::status is 200",
                    "id": "6210a8cd14cd70477eba5c5e4cb3fb5f",
                    "passes": 80,
                    "fails": 0
                }
            }
    }
}