{
    "root_group": {
        "name": "",
        "path": "",
        "id": "d41d8cd98f00b204e9800998ecf8427e",
        "groups": {},
        "checks": {
                "status is 200": {
                    "id": "6210a8cd14cd70477eba5c5e4cb3fb5f",
                    "passes": 239,
                    "fails": 0,
                    "name": "status is 200",
                    "path": "::status is 200"
                }
            }
    },
    "metrics": {
        "http_req_duration": {
            "min": 246.0001,
            "med": 253.998,
            "max": 1329.5,
            "p(90)": 260.50176,
            "p(95)": 262.10242,
            "avg": 260.9558259414226
        },
        "http_req_receiving": {
            "p(90)": 0.49838000000000005,
            "p(95)": 0.5003299999999999,
            "avg": 0.15177029288702926,
            "min": 0,
            "med": 0,
            "max": 4.9204
        },
        "checks": {
            "passes": 239,
            "fails": 0,
            "value": 1
        },
        "http_req_duration{expected_response:true}": {
            "avg": 260.9558259414226,
            "min": 246.0001,
            "med": 253.998,
            "max": 1329.5,
            "p(90)": 260.50176,
            "p(95)": 262.10242
        },
        "http_req_failed": {
            "fails": 239,
            "passes": 0,
            "value": 0
        },
        "data_sent": {
            "count": 27758,
            "rate": 893.7470445622444
        },
        "http_req_connecting": {
            "avg": 10.581989958158996,
            "min": 0,
            "med": 0,
            "max": 261.2938,
            "p(90)": 0,
            "p(95)": 0
        },
        "http_req_sending": {
            "med": 0,
            "max": 0.5011,
            "p(90)": 0,
            "p(95)": 0,
            "avg": 0.01046610878661088,
            "min": 0
        },
        "http_req_tls_handshaking": {
            "min": 0,
            "med": 0,
            "max": 273.5045,
            "p(90)": 0,
            "p(95)": 0,
            "avg": 11.166730962343093
        },
        "iteration_duration": {
            "p(95)": 1483.8955099999998,
            "avg": 1284.783576569038,
            "min": 1246.5049,
            "med": 1254.4988,
            "max": 2330.0003,
            "p(90)": 1261.1016399999999
        },
        "http_reqs": {
            "rate": 7.695278609783717,
            "count": 239
        },
        "data_received": {
            "count": 2777202,
            "rate": 89419.84579769272
        },
        "http_req_blocked": {
            "p(90)": 0,
            "p(95)": 0,
            "avg": 23.286669037656903,
            "min": 0,
            "med": 0,
            "max": 571.505
        },
        "http_req_waiting": {
            "avg": 260.79358953974906,
            "min": 245.1702,
            "med": 253.6792,
            "max": 1329.4745,
            "p(90)": 260.3664,
            "p(95)": 262.05237
        },
        "iterations": {
            "count": 239,
            "rate": 7.695278609783717
        },
        "vus_max": {
            "value": 10,
            "min": 10,
            "max": 10
        },
        "vus": {
            "value": 1,
            "min": 1,
            "max": 10
        }
    }
}